{
  "tickets/1933/list" : {
    "transaction" : "tickets/1933/list",
    "sampleCount" : 1282,
    "errorCount" : 0,
    "errorPct" : 0.0,
    "meanResTime" : 2500.2355694227754,
    "medianResTime" : 2629.5,
    "minResTime" : 78.0,
    "maxResTime" : 4108.0,
    "pct1ResTime" : 3284.7,
    "pct2ResTime" : 3479.3999999999996,
    "pct3ResTime" : 3777.0200000000004,
    "throughput" : 3.4340788123766126,
    "receivedKBytesPerSec" : 5.1769372192399485,
    "sentKBytesPerSec" : 3.491089886410209
  },
  "news/list?type=Article" : {
    "transaction" : "news/list?type=Article",
    "sampleCount" : 1336,
    "errorCount" : 0,
    "errorPct" : 0.0,
    "meanResTime" : 1998.5456586826342,
    "medianResTime" : 1705.5,
    "minResTime" : 628.0,
    "maxResTime" : 6870.0,
    "pct1ResTime" : 3497.499999999998,
    "pct2ResTime" : 4781.0499999999965,
    "pct3ResTime" : 5876.099999999991,
    "throughput" : 3.5435127988181216,
    "receivedKBytesPerSec" : 33.16055303234251,
    "sentKBytesPerSec" : 4.335958532147565
  },
  "games?type=history" : {
    "transaction" : "games?type=history",
    "sampleCount" : 1303,
    "errorCount" : 0,
    "errorPct" : 0.0,
    "meanResTime" : 5343.9232540291605,
    "medianResTime" : 5750.0,
    "minResTime" : 203.0,
    "maxResTime" : 8086.0,
    "pct1ResTime" : 6627.6,
    "pct2ResTime" : 6961.6,
    "pct3ResTime" : 7360.84,
    "throughput" : 3.4867820721065463,
    "receivedKBytesPerSec" : 38.52704311163188,
    "sentKBytesPerSec" : 3.609364254329042
  },
  "tickets/stadium-ticket?id=2720&gameId=1931" : {
    "transaction" : "tickets/stadium-ticket?id=2720&gameId=1931",
    "sampleCount" : 1324,
    "errorCount" : 0,
    "errorPct" : 0.0,
    "meanResTime" : 2416.633685800605,
    "medianResTime" : 2527.0,
    "minResTime" : 110.0,
    "maxResTime" : 4502.0,
    "pct1ResTime" : 3273.0,
    "pct2ResTime" : 3467.75,
    "pct3ResTime" : 3975.75,
    "throughput" : 3.543726479987581,
    "receivedKBytesPerSec" : 5.643537901680326,
    "sentKBytesPerSec" : 3.689074636393322
  },
  "Total" : {
    "transaction" : "Total",
    "sampleCount" : 14323,
    "errorCount" : 1266,
    "errorPct" : 8.83893,
    "meanResTime" : 2375.1561125462476,
    "medianResTime" : 2112.0,
    "minResTime" : 67.0,
    "maxResTime" : 8086.0,
    "pct1ResTime" : 5557.6,
    "pct2ResTime" : 6052.0,
    "pct3ResTime" : 6766.52,
    "throughput" : 37.867691770789826,
    "receivedKBytesPerSec" : 236.28076053883402,
    "sentKBytesPerSec" : 40.350103328625096
  },
  "games?type=upcoming" : {
    "transaction" : "games?type=upcoming",
    "sampleCount" : 1316,
    "errorCount" : 0,
    "errorPct" : 0.0,
    "meanResTime" : 5080.867781155009,
    "medianResTime" : 5460.5,
    "minResTime" : 182.0,
    "maxResTime" : 7914.0,
    "pct1ResTime" : 6365.3,
    "pct2ResTime" : 6644.15,
    "pct3ResTime" : 7148.769999999999,
    "throughput" : 3.5206463435840503,
    "receivedKBytesPerSec" : 34.25599781464439,
    "sentKBytesPerSec" : 3.647857197795583
  },
  "stream?type=video" : {
    "transaction" : "stream?type=video",
    "sampleCount" : 1266,
    "errorCount" : 1266,
    "errorPct" : 100.0,
    "meanResTime" : 416.1690363349127,
    "medianResTime" : 394.0,
    "minResTime" : 173.0,
    "maxResTime" : 1535.0,
    "pct1ResTime" : 547.3,
    "pct2ResTime" : 605.5999999999995,
    "pct3ResTime" : 752.9599999999991,
    "throughput" : 3.391983024009131,
    "receivedKBytesPerSec" : 4.629569740952703,
    "sentKBytesPerSec" : 3.4549202090249254
  },
  "stream?type=audio" : {
    "transaction" : "stream?type=audio",
    "sampleCount" : 1262,
    "errorCount" : 0,
    "errorPct" : 0.0,
    "meanResTime" : 2731.6275752773404,
    "medianResTime" : 2891.5,
    "minResTime" : 182.0,
    "maxResTime" : 4251.0,
    "pct1ResTime" : 3554.2000000000003,
    "pct2ResTime" : 3713.85,
    "pct3ResTime" : 3959.2499999999973,
    "throughput" : 3.3870192888333035,
    "receivedKBytesPerSec" : 5.344112403683317,
    "sentKBytesPerSec" : 3.4498643732940777
  },
  "games/1933" : {
    "transaction" : "games/1933",
    "sampleCount" : 1285,
    "errorCount" : 0,
    "errorPct" : 0.0,
    "meanResTime" : 1417.596108949417,
    "medianResTime" : 1467.0,
    "minResTime" : 83.0,
    "maxResTime" : 2495.0,
    "pct1ResTime" : 1952.8000000000002,
    "pct2ResTime" : 2081.2000000000003,
    "pct3ResTime" : 2341.1400000000003,
    "throughput" : 3.441082508321528,
    "receivedKBytesPerSec" : 48.6376238019811,
    "sentKBytesPerSec" : 3.474686829691856
  },
  "games/1933/events" : {
    "transaction" : "games/1933/events",
    "sampleCount" : 1272,
    "errorCount" : 0,
    "errorPct" : 0.0,
    "meanResTime" : 2466.8561320754716,
    "medianResTime" : 2600.0,
    "minResTime" : 70.0,
    "maxResTime" : 4158.0,
    "pct1ResTime" : 3278.4,
    "pct2ResTime" : 3436.149999999999,
    "pct3ResTime" : 3828.08,
    "throughput" : 3.4079948558568214,
    "receivedKBytesPerSec" : 25.73234338160433,
    "sentKBytesPerSec" : 3.524479055031615
  },
  "/tickets/list" : {
    "transaction" : "/tickets/list",
    "sampleCount" : 1325,
    "errorCount" : 0,
    "errorPct" : 0.0,
    "meanResTime" : 520.2762264150944,
    "medianResTime" : 149.0,
    "minResTime" : 67.0,
    "maxResTime" : 5949.0,
    "pct1ResTime" : 464.80000000000064,
    "pct2ResTime" : 4573.1,
    "pct3ResTime" : 5560.32,
    "throughput" : 3.5453402188745886,
    "receivedKBytesPerSec" : 5.407365026222139,
    "sentKBytesPerSec" : 3.7288392731718085
  },
  "news/list?type=Video" : {
    "transaction" : "news/list?type=Video",
    "sampleCount" : 1352,
    "errorCount" : 0,
    "errorPct" : 0.0,
    "meanResTime" : 1236.5554733727815,
    "medianResTime" : 906.0,
    "minResTime" : 419.0,
    "maxResTime" : 5899.0,
    "pct1ResTime" : 2414.8,
    "pct2ResTime" : 3077.7999999999956,
    "pct3ResTime" : 4762.41,
    "throughput" : 3.5825862987272807,
    "receivedKBytesPerSec" : 32.10961493490664,
    "sentKBytesPerSec" : 4.376772909870927
  }
}